{"cameraMode":{"drawMode":0,"name":"Shaded","section":"Shading Mode"},"sceneLighting":false,"audioPlay":false,"sceneViewState":{"showFog":true,"showMaterialUpdate":false,"showSkybox":true,"showFlares":true,"showImageEffects":true,"showParticleSystems":true},"in2DMode":false,"pivot":{"x":1.5253888368606568,"y":1.2318036556243897,"z":-3.1469926834106447},"rotation":{"x":-0.1553906798362732,"y":-0.13439272344112397,"z":0.02134360931813717,"w":-0.9784359335899353},"size":6.034233570098877,"orthographic":false}