{"cameraMode":{"drawMode":0,"name":"Shaded","section":"Shading Mode"},"sceneLighting":false,"audioPlay":false,"sceneViewState":{"showFog":true,"showMaterialUpdate":false,"showSkybox":true,"showFlares":true,"showImageEffects":true,"showParticleSystems":true},"in2DMode":false,"pivot":{"x":0.9696798324584961,"y":-1.2116165161132813,"z":0.3515033721923828},"rotation":{"x":-0.12066052854061127,"y":-0.09366381913423538,"z":0.011436485685408116,"w":-0.9881990551948547},"size":257.4095458984375,"orthographic":false}