{"cameraMode":{"drawMode":0,"name":"Shaded","section":"Shading Mode"},"sceneLighting":false,"audioPlay":false,"sceneViewState":{"showFog":true,"showMaterialUpdate":false,"showSkybox":true,"showFlares":true,"showImageEffects":true,"showParticleSystems":true},"in2DMode":false,"pivot":{"x":0.3144639730453491,"y":0.2775998115539551,"z":0.038660526275634769},"rotation":{"x":-0.061769019812345508,"y":0.006584792863577604,"z":-0.00040745711885392666,"w":-0.9980686902999878},"size":5.217758655548096,"orthographic":false}