{"cameraMode":{"drawMode":0,"name":"Shaded","section":"Shading Mode"},"sceneLighting":false,"audioPlay":false,"sceneViewState":{"showFog":true,"showMaterialUpdate":false,"showSkybox":true,"showFlares":true,"showImageEffects":true,"showParticleSystems":true},"in2DMode":false,"pivot":{"x":545.1068115234375,"y":267.96307373046877,"z":2.0667638778686525},"rotation":{"x":-0.17928534746170045,"y":-0.023021329194307329,"z":0.004196563269942999,"w":-0.9835188388824463},"size":18.023807525634767,"orthographic":false}