{"cameraMode":{"drawMode":0,"name":"Shaded","section":"Shading Mode"},"sceneLighting":false,"audioPlay":false,"sceneViewState":{"showFog":true,"showMaterialUpdate":false,"showSkybox":true,"showFlares":true,"showImageEffects":true,"showParticleSystems":true},"in2DMode":false,"pivot":{"x":0.34265798330307009,"y":-0.13721346855163575,"z":-0.06109809875488281},"rotation":{"x":-0.10021574050188065,"y":-0.04774019867181778,"z":0.0048141079023480419,"w":-0.9938080906867981},"size":9.49962329864502,"orthographic":false}