{"cameraMode":{"drawMode":0,"name":"Shaded","section":"Shading Mode"},"sceneLighting":false,"audioPlay":false,"sceneViewState":{"showFog":true,"showMaterialUpdate":false,"showSkybox":true,"showFlares":true,"showImageEffects":true,"showParticleSystems":true},"in2DMode":false,"pivot":{"x":-1.6533253192901612,"y":1.0328518152236939,"z":-1.3847875595092774},"rotation":{"x":-0.09409850090742111,"y":-0.437936007976532,"z":0.04615316540002823,"w":-0.8928759694099426},"size":4.11395788192749,"orthographic":false}