{"cameraMode":{"drawMode":0,"name":"Shaded","section":"Shading Mode"},"sceneLighting":false,"audioPlay":false,"sceneViewState":{"showFog":true,"showMaterialUpdate":false,"showSkybox":true,"showFlares":true,"showImageEffects":true,"showParticleSystems":true},"in2DMode":false,"pivot":{"x":0.06584858894348145,"y":1.2759904861450196,"z":-0.145538330078125},"rotation":{"x":-0.13486509025096894,"y":-0.021700860932469369,"z":0.0029544467106461527,"w":-0.9906219244003296},"size":17.56407356262207,"orthographic":false}