{"cameraMode":{"drawMode":0,"name":"Shaded","section":"Shading Mode"},"sceneLighting":false,"audioPlay":false,"sceneViewState":{"showFog":true,"showMaterialUpdate":false,"showSkybox":true,"showFlares":true,"showImageEffects":true,"showParticleSystems":true},"in2DMode":false,"pivot":{"x":-0.8151360750198364,"y":-0.28215765953063967,"z":-0.772881031036377},"rotation":{"x":-0.10765045881271362,"y":-0.05068191513419151,"z":0.005494985729455948,"w":-0.9928809404373169},"size":7.804562091827393,"orthographic":false}