{"cameraMode":{"drawMode":0,"name":"Shaded","section":"Shading Mode"},"sceneLighting":false,"audioPlay":false,"sceneViewState":{"showFog":true,"showMaterialUpdate":false,"showSkybox":true,"showFlares":true,"showImageEffects":true,"showParticleSystems":true},"in2DMode":false,"pivot":{"x":-1.170089840888977,"y":-0.23506855964660645,"z":5.220252990722656},"rotation":{"x":-0.061769019812345508,"y":0.006584792863577604,"z":-0.00040745711885392666,"w":-0.9980686902999878},"size":23.439302444458009,"orthographic":false}