{"cameraMode":{"drawMode":0,"name":"Shaded","section":"Shading Mode"},"sceneLighting":false,"audioPlay":false,"sceneViewState":{"showFog":true,"showMaterialUpdate":false,"showSkybox":true,"showFlares":true,"showImageEffects":true,"showParticleSystems":true},"in2DMode":false,"pivot":{"x":-6.9221906661987309,"y":-5.319559097290039,"z":5.1814117431640629},"rotation":{"x":-0.2123713493347168,"y":0.26213860511779787,"z":-0.059255264699459079,"w":-0.9395055770874023},"size":78.0536880493164,"orthographic":false}